CarNumber,SURNAME
E714KP21RUS,RICHARDSON
E911XK42RUS,ROSS
E893AK16RUS,MORGAN
P807TT161RUS,BAILEY
K303XH61RUS,LOPEZ
E101XK169RUS,HOWARD
E916PM79RUS,NELSON
H778MC36RUS,WRIGHT
B206HX178RUS,RIVERA
P141PC193RUS,REYES
X584EK151RUS,PARKER
A394HB54RUS,KING
T303TX108RUS,NGUYEN
M365OP29RUS,LOPEZ
X581XT183RUS,SMITH
X229XH80RUS,MYERS
K850EX137RUS,DIAZ
O827CE145RUS,ROBINSON
A692TT172RUS,MORGAN
C672PH61RUS,JONES
T436XK85RUS,BAKER
T734MH38RUS,CRUZ
H711TA153RUS,RAMOS
O844TB123RUS,MARTINEZ
C673CE193RUS,MORGAN
K635TO127RUS,WRIGHT
E801CX107RUS,LOPEZ
O400BE42RUS,MITCHELL
H226EO60RUS,BAKER
P316TB150RUS,RUIZ
C453BB195RUS,HOWARD
M128TT116RUS,WALKER
O429HT171RUS,HERNANDEZ
P443HK149RUS,CHAVEZ
K383AA51RUS,SANDERS
C398TC26RUS,COOK
K424XT43RUS,BENNETT
T453MC158RUS,SMITH
A634ET109RUS,TURNER
X168TH126RUS,GRAY
O448KE71RUS,CAMPBELL
E527KP183RUS,RUIZ
B704XP18RUS,ADAMS
B736EA105RUS,BAKER
T624TM123RUS,RAMIREZ
A746EB53RUS,MORRIS
M341MX140RUS,YOUNG
K750XK133RUS,BAILEY
A706AX62RUS,ROBINSON
X904OH139RUS,GUTIERREZ
K624TT94RUS,GUTIERREZ
H673KA98RUS,ROBINSON
K488CT87RUS,GARCIA
T767MO66RUS,HARRIS
A810MC52RUS,TURNER
H189MX164RUS,HARRIS
E541XT52RUS,PARKER
C537ET138RUS,GARCIA
T352TX66RUS,ROSS
A193CT190RUS,MITCHELL
C851KP59RUS,PETERSON
T305TM28RUS,REED
B565MM178RUS,HERNANDEZ
M954MT115RUS,BROWN
K858KC94RUS,MURPHY
M354PC62RUS,MARTINEZ
K607MM170RUS,WHITE
E532TH131RUS,FOSTER
O674MH70RUS,GARCIA
P116HM150RUS,PATEL
E349TE61RUS,GARCIA
C584TC61RUS,WARD
O740BA44RUS,ROGERS
O225OT165RUS,LONG
X948KE18RUS,JIMENEZ
O541PC42RUS,BAKER
A741CH152RUS,KIM
O563OM167RUS,CRUZ
K512TM84RUS,JIMENEZ
P102AC92RUS,WILSON
X609KM11RUS,BAILEY
B494HM172RUS,HILL
O438KH34RUS,MARTINEZ
K337XC135RUS,WILSON
K465KK188RUS,MORRIS
H508OA79RUS,COOPER
T398XT143RUS,YOUNG
C513CO59RUS,ALLEN
H753TX110RUS,MENDOZA
M566AT86RUS,ALLEN
O632XE167RUS,GONZALEZ
T947XA171RUS,HERNANDEZ
K397KP50RUS,HARRIS
B638MX94RUS,HALL
X832CO153RUS,PETERSON
O742XM40RUS,TAYLOR
B888MC47RUS,RIVERA
O248PC129RUS,WATSON
T129AT17RUS,TORRES
C790PB112RUS,SANCHEZ
E720TH149RUS,PHILLIPS
H932HT159RUS,ALLEN
H588AO145RUS,PEREZ
T124MC74RUS,ROSS
P686CC47RUS,HERNANDEZ
X765OO18RUS,MARTIN
T924KT177RUS,HERNANDEZ
X144AC160RUS,CASTILLO
H241TA46RUS,CASTILLO
P418OA184RUS,RODRIGUEZ
M282OK133RUS,MORALES
M203TC13RUS,HUGHES
H223BX110RUS,TAYLOR
C707PO39RUS,SANCHEZ
A902HT130RUS,RICHARDSON
O977ET106RUS,GREEN
X270BH58RUS,ANDERSON
A227PM105RUS,WHITE
K379TB187RUS,JAMES
A483PP155RUS,LEWIS
B564XT129RUS,WARD
T253PM11RUS,FOSTER
X450MM75RUS,PEREZ
K642BX101RUS,JONES
A471PB165RUS,ALLEN
P218BM110RUS,WARD
K925XM189RUS,RUIZ
T400KO71RUS,NGUYEN
H321EX110RUS,GARCIA
M181MH38RUS,HOWARD
H177XH152RUS,CARTER
H449XA106RUS,RICHARDSON
C774TC55RUS,PRICE
E882HT121RUS,GRAY
E286CT57RUS,COOPER
B514EK46RUS,HILL
X549CC189RUS,JONES
A288KX137RUS,ADAMS
O501CX76RUS,MORGAN
T125PX109RUS,GUTIERREZ
O716HA116RUS,ROGERS
P597TT172RUS,ALLEN
X368KT116RUS,ROGERS
X163XA123RUS,PEREZ
T323PE160RUS,HUGHES
C232TX172RUS,NGUYEN
E673CM167RUS,MITCHELL
H811TO199RUS,ADAMS
E629BT139RUS,ANDERSON
E639ME26RUS,BROOKS
B380OH81RUS,HARRIS
P105MB29RUS,THOMPSON
T938BP118RUS,MITCHELL
P630CT54RUS,YOUNG
C852PK84RUS,WHITE
C852OK191RUS,CARTER
B422PP59RUS,WATSON
E284TA157RUS,FLORES
H483MT43RUS,KIM
O170AB188RUS,JIMENEZ
B849TP184RUS,WHITE
T891EC33RUS,CHAVEZ
T773PX182RUS,HOWARD
B289TO63RUS,WRIGHT
K731EA165RUS,SANDERS
P553XA20RUS,TURNER
T753BT157RUS,HALL
O759BX116RUS,LOPEZ
E603MX87RUS,ROSS
A738MX48RUS,TORRES
K679TA86RUS,CRUZ
H932OT27RUS,COLLINS
H912TX128RUS,ANDERSON
P512XC192RUS,GOMEZ
B103PA133RUS,KING
T882AK67RUS,CHAVEZ
O957PE182RUS,PEREZ
B854KH32RUS,RAMIREZ
K614EC124RUS,MOORE
K322TP143RUS,RIVERA
T492PC75RUS,MARTIN
C984CA136RUS,ANDERSON
P703BA166RUS,EVANS
E788TT161RUS,BAKER
T345OA132RUS,CASTILLO
E231ME60RUS,DAVIS
P433AA197RUS,YOUNG
B630TT126RUS,WRIGHT
K191KX39RUS,JIMENEZ
O704HM42RUS,CASTILLO
B877CO116RUS,ADAMS
P437PM154RUS,RAMIREZ
O610AT29RUS,KIM
P571HX74RUS,PEREZ
H105TH162RUS,TURNER
P260XT107RUS,STEWART
T650OB37RUS,RUIZ
B332KC35RUS,CLARK
T116EM58RUS,ROSS
